{"resourceType":"CodeSystem","id":"120.85-14.5","meta":{"profile":["http://hl7.org/fhir/StructureDefinition/shareablecodesystem"]},"text":{"status":"generated","div":"<div xmlns=\"http://www.w3.org/1999/xhtml\"><p class=\"res-header-id\"><b>Generated Narrative: CodeSystem 120.85-14.5</b></p><a name=\"120.85-14.5\"> </a><a name=\"hc120.85-14.5\"> </a><a name=\"120.85-14.5-en-US\"> </a><div style=\"display: inline-block; background-color: #d9e0e7; padding: 6px; margin: 4px; border: 1px solid #8da1b4; border-radius: 5px; line-height: 60%\"><p style=\"margin-bottom: 0px\"/><p style=\"margin-bottom: 0px\">Profile: <a href=\"http://hl7.org/fhir/R4/shareablecodesystem.html\">Shareable CodeSystem</a></p></div><p>This case-sensitive code system <code>http://va.gov/fhir/CodeSystem/120.85-14.5</code> defines the following codes:</p><table class=\"codes\"><tr><td style=\"white-space:nowrap\"><b>Code</b></td><td><b>Display</b></td></tr><tr><td style=\"white-space:nowrap\">1<a name=\"120.85-14.5-1\"> </a></td><td>MILD</td></tr><tr><td style=\"white-space:nowrap\">2<a name=\"120.85-14.5-2\"> </a></td><td>MODERATE</td></tr><tr><td style=\"white-space:nowrap\">3<a name=\"120.85-14.5-3\"> </a></td><td>SEVERE</td></tr></table></div>"},"url":"http://va.gov/fhir/CodeSystem/120.85-14.5","identifier":[{"system":"http://va.gov/terminology/vistaDefinedTerms","value":"120.85-14.5"}],"version":"0.2.0","name":"CSVFallergySeverity","title":"120.85-14.5","status":"draft","experimental":false,"date":"2025-03-12T08:20:45+00:00","publisher":"Michael van der Zel","contact":[{"telecom":[{"system":"url","value":"http://hl7.org/Special/committees/[something]"}]}],"description":"This is the code system for VistaFile-Field 120.85-14.5","jurisdiction":[{"coding":[{"system":"http://unstats.un.org/unsd/methods/m49/m49.htm","code":"001"}]}],"caseSensitive":true,"content":"complete","concept":[{"code":"1","display":"MILD","designation":[{"use":{"system":"http://terminology.hl7.org/CodeSystem/designation-usage","code":"display"},"value":"MILD"}]},{"code":"2","display":"MODERATE","designation":[{"use":{"system":"http://terminology.hl7.org/CodeSystem/designation-usage","code":"display"},"value":"MODERATE"}]},{"code":"3","display":"SEVERE","designation":[{"use":{"system":"http://terminology.hl7.org/CodeSystem/designation-usage","code":"display"},"value":"SEVERE"}]}]}