<?xml version="1.0" encoding="UTF-8"?><CodeSystem xmlns="http://hl7.org/fhir"><id value="120.85-14.5"/><meta><profile value="http://hl7.org/fhir/StructureDefinition/shareablecodesystem"/></meta><text><status value="generated"/><div xmlns="http://www.w3.org/1999/xhtml"><p class="res-header-id"><b>Generated Narrative: CodeSystem 120.85-14.5</b></p><a name="120.85-14.5"> </a><a name="hc120.85-14.5"> </a><a name="120.85-14.5-en-US"> </a><div style="display: inline-block; background-color: #d9e0e7; padding: 6px; margin: 4px; border: 1px solid #8da1b4; border-radius: 5px; line-height: 60%"><p style="margin-bottom: 0px"/><p style="margin-bottom: 0px">Profile: <a href="http://hl7.org/fhir/R4/shareablecodesystem.html">Shareable CodeSystem</a></p></div><p>This case-sensitive code system <code>http://va.gov/fhir/CodeSystem/120.85-14.5</code> defines the following codes:</p><table class="codes"><tr><td style="white-space:nowrap"><b>Code</b></td><td><b>Display</b></td></tr><tr><td style="white-space:nowrap">1<a name="120.85-14.5-1"> </a></td><td>MILD</td></tr><tr><td style="white-space:nowrap">2<a name="120.85-14.5-2"> </a></td><td>MODERATE</td></tr><tr><td style="white-space:nowrap">3<a name="120.85-14.5-3"> </a></td><td>SEVERE</td></tr></table></div></text><url value="http://va.gov/fhir/CodeSystem/120.85-14.5"/><identifier><system value="http://va.gov/terminology/vistaDefinedTerms"/><value value="120.85-14.5"/></identifier><version value="0.2.0"/><name value="CSVFallergySeverity"/><title value="120.85-14.5"/><status value="draft"/><experimental value="false"/><date value="2025-03-12T08:20:45+00:00"/><publisher value="Michael van der Zel"/><contact><telecom><system value="url"/><value value="http://hl7.org/Special/committees/[something]"/></telecom></contact><description value="This is the code system for VistaFile-Field 120.85-14.5"/><jurisdiction><coding><system value="http://unstats.un.org/unsd/methods/m49/m49.htm"/><code value="001"/></coding></jurisdiction><caseSensitive value="true"/><content value="complete"/><concept><code value="1"/><display value="MILD"/><designation><use><system value="http://terminology.hl7.org/CodeSystem/designation-usage"/><code value="display"/></use><value value="MILD"/></designation></concept><concept><code value="2"/><display value="MODERATE"/><designation><use><system value="http://terminology.hl7.org/CodeSystem/designation-usage"/><code value="display"/></use><value value="MODERATE"/></designation></concept><concept><code value="3"/><display value="SEVERE"/><designation><use><system value="http://terminology.hl7.org/CodeSystem/designation-usage"/><code value="display"/></use><value value="SEVERE"/></designation></concept></CodeSystem>