<?xml version="1.0" encoding="UTF-8"?><ValueSet xmlns="http://hl7.org/fhir"><id value="VitalsLaterality"/><text><status value="generated"/><div xmlns="http://www.w3.org/1999/xhtml"><p class="res-header-id"><b>Generated Narrative: ValueSet VitalsLaterality</b></p><a name="VitalsLaterality"> </a><a name="hcVitalsLaterality"> </a><a name="VitalsLaterality-en-US"> </a><ul><li>Include these codes as defined in <a href="http://terminology.hl7.org/3.1.0/CodeSystem-VHA.html"><code>http://terminology.hl7.org/CodeSystem/VHA</code></a><table class="none"><tr><td style="white-space:nowrap"><b>Code</b></td><td><b>Display</b></td></tr><tr><td>4688660</td><td>LEFT</td></tr><tr><td>4688680</td><td>RIGHT</td></tr></table></li></ul></div></text><url value="http://va.gov/fhir/ValueSet/VitalsLaterality"/><version value="0.2.0"/><name value="VitalsLaterality"/><title value="VitalsLaterality"/><status value="draft"/><experimental value="false"/><date value="2025-03-12T08:20:45+00:00"/><publisher value="Michael van der Zel"/><contact><telecom><system value="url"/><value value="http://hl7.org/Special/committees/[something]"/></telecom></contact><description value="ValueSet for Terminology Maps VitalsLaterality"/><jurisdiction><coding><system value="http://unstats.un.org/unsd/methods/m49/m49.htm"/><code value="001"/></coding></jurisdiction><compose><include><system value="http://terminology.hl7.org/CodeSystem/VHA"/><concept><code value="4688660"/><display value="LEFT"/></concept><concept><code value="4688680"/><display value="RIGHT"/></concept></include></compose></ValueSet>