<?xml version="1.0" encoding="UTF-8"?>

<ValueSet xmlns="http://hl7.org/fhir">
  <id value="SmokingStatus"/>
  <text>
    <status value="generated"/><div xmlns="http://www.w3.org/1999/xhtml"><p class="res-header-id"><b>Generated Narrative: ValueSet SmokingStatus</b></p><a name="SmokingStatus"> </a><a name="hcSmokingStatus"> </a><a name="SmokingStatus-en-US"> </a><ul><li>Include these codes as defined in <a href="http://www.snomed.org/"><code>http://snomed.info/sct</code></a><table class="none"><tr><td style="white-space:nowrap"><b>Code</b></td><td><b>Display</b></td></tr><tr><td><a href="http://snomed.info/id/77176002">77176002</a></td><td>Smoker (finding)</td></tr><tr><td><a href="http://snomed.info/id/110483000">110483000</a></td><td>Tobacco user (finding)</td></tr><tr><td><a href="http://snomed.info/id/8517006">8517006</a></td><td>Ex-smoker (finding)</td></tr><tr><td><a href="http://snomed.info/id/266919005">266919005</a></td><td>Never smoked tobacco (finding)</td></tr></table></li></ul></div>
  </text>
  <url value="http://va.gov/fhir/ValueSet/SmokingStatus"/>
  <version value="0.2.0"/>
  <name value="SmokingStatus"/>
  <title value="SmokingStatus FHIR"/>
  <status value="active"/>
  <experimental value="false"/>
  <date value="2025-03-12T08:20:45+00:00"/>
  <publisher value="Michael van der Zel"/>
  <contact>
    <telecom>
      <system value="url"/>
      <value value="http://hl7.org/Special/committees/[something]"/>
    </telecom>
  </contact>
  <description value="FHIR Target ValueSet for Terminology Maps VF_SmokingStatus"/>
  <jurisdiction>
    <coding>
      <system value="http://unstats.un.org/unsd/methods/m49/m49.htm"/>
      <code value="001"/>
    </coding>
  </jurisdiction>
  <compose>
    <include>
      <system value="http://snomed.info/sct"/>
      <concept>
        <code value="77176002"/>
        <display value="Smoker (finding)"/>
      </concept>
      <concept>
        <code value="110483000"/>
        <display value="Tobacco user (finding)"/>
      </concept>
      <concept>
        <code value="8517006"/>
        <display value="Ex-smoker (finding)"/>
      </concept>
      <concept>
        <code value="266919005"/>
        <display value="Never smoked tobacco (finding)"/>
      </concept>
    </include>
  </compose>
</ValueSet>