{
  "resourceType" : "ValueSet",
  "id" : "SmokingStatus",
  "text" : {
    "status" : "generated",
    "div" : "<div xmlns=\"http://www.w3.org/1999/xhtml\"><p class=\"res-header-id\"><b>Generated Narrative: ValueSet SmokingStatus</b></p><a name=\"SmokingStatus\"> </a><a name=\"hcSmokingStatus\"> </a><a name=\"SmokingStatus-en-US\"> </a><ul><li>Include these codes as defined in <a href=\"http://www.snomed.org/\"><code>http://snomed.info/sct</code></a><table class=\"none\"><tr><td style=\"white-space:nowrap\"><b>Code</b></td><td><b>Display</b></td></tr><tr><td><a href=\"http://snomed.info/id/77176002\">77176002</a></td><td>Smoker (finding)</td></tr><tr><td><a href=\"http://snomed.info/id/110483000\">110483000</a></td><td>Tobacco user (finding)</td></tr><tr><td><a href=\"http://snomed.info/id/8517006\">8517006</a></td><td>Ex-smoker (finding)</td></tr><tr><td><a href=\"http://snomed.info/id/266919005\">266919005</a></td><td>Never smoked tobacco (finding)</td></tr></table></li></ul></div>"
  },
  "url" : "http://va.gov/fhir/ValueSet/SmokingStatus",
  "version" : "0.2.0",
  "name" : "SmokingStatus",
  "title" : "SmokingStatus FHIR",
  "status" : "active",
  "experimental" : false,
  "date" : "2025-03-12T08:20:45+00:00",
  "publisher" : "Michael van der Zel",
  "contact" : [{
    "telecom" : [{
      "system" : "url",
      "value" : "http://hl7.org/Special/committees/[something]"
    }]
  }],
  "description" : "FHIR Target ValueSet for Terminology Maps VF_SmokingStatus",
  "jurisdiction" : [{
    "coding" : [{
      "system" : "http://unstats.un.org/unsd/methods/m49/m49.htm",
      "code" : "001"
    }]
  }],
  "compose" : {
    "include" : [{
      "system" : "http://snomed.info/sct",
      "concept" : [{
        "code" : "77176002",
        "display" : "Smoker (finding)"
      },
      {
        "code" : "110483000",
        "display" : "Tobacco user (finding)"
      },
      {
        "code" : "8517006",
        "display" : "Ex-smoker (finding)"
      },
      {
        "code" : "266919005",
        "display" : "Never smoked tobacco (finding)"
      }]
    }]
  }
}