{
  "resourceType" : "ValueSet",
  "id" : "VitalsLaterality",
  "text" : {
    "status" : "generated",
    "div" : "<div xmlns=\"http://www.w3.org/1999/xhtml\"><p class=\"res-header-id\"><b>Generated Narrative: ValueSet VitalsLaterality</b></p><a name=\"VitalsLaterality\"> </a><a name=\"hcVitalsLaterality\"> </a><a name=\"VitalsLaterality-en-US\"> </a><ul><li>Include these codes as defined in <a href=\"http://terminology.hl7.org/3.1.0/CodeSystem-VHA.html\"><code>http://terminology.hl7.org/CodeSystem/VHA</code></a><table class=\"none\"><tr><td style=\"white-space:nowrap\"><b>Code</b></td><td><b>Display</b></td></tr><tr><td>4688660</td><td>LEFT</td></tr><tr><td>4688680</td><td>RIGHT</td></tr></table></li></ul></div>"
  },
  "url" : "http://va.gov/fhir/ValueSet/VitalsLaterality",
  "version" : "0.2.0",
  "name" : "VitalsLaterality",
  "title" : "VitalsLaterality",
  "status" : "draft",
  "experimental" : false,
  "date" : "2025-03-12T08:20:45+00:00",
  "publisher" : "Michael van der Zel",
  "contact" : [{
    "telecom" : [{
      "system" : "url",
      "value" : "http://hl7.org/Special/committees/[something]"
    }]
  }],
  "description" : "ValueSet for Terminology Maps VitalsLaterality",
  "jurisdiction" : [{
    "coding" : [{
      "system" : "http://unstats.un.org/unsd/methods/m49/m49.htm",
      "code" : "001"
    }]
  }],
  "compose" : {
    "include" : [{
      "system" : "http://terminology.hl7.org/CodeSystem/VHA",
      "concept" : [{
        "code" : "4688660",
        "display" : "LEFT"
      },
      {
        "code" : "4688680",
        "display" : "RIGHT"
      }]
    }]
  }
}