[
  {
    "id" : "120.85-14.5",
    "type" : "CodeSystem",
    "url" : "http://va.gov/fhir/CodeSystem/120.85-14.5",
    "version" : "0.2.0",
    "name" : "CSVFallergySeverity"
  },
  {
    "id" : "fhir.us.va.maps",
    "type" : "ImplementationGuide",
    "url" : "http://va.gov/fhir/ImplementationGuide/fhir.us.va.maps",
    "version" : "0.2.0",
    "name" : "DummyIG"
  },
  {
    "id" : "Patient",
    "type" : "StructureDefinition",
    "url" : "http://va.gov/fhir/StructureDefinition/Patient",
    "version" : "0.2.0",
    "name" : "Patient"
  },
  {
    "id" : "SmokingStatus",
    "type" : "ValueSet",
    "url" : "http://va.gov/fhir/ValueSet/SmokingStatus",
    "version" : "0.2.0",
    "name" : "SmokingStatus"
  },
  {
    "id" : "VSVFallergySeverity",
    "type" : "ValueSet",
    "url" : "http://va.gov/fhir/ValueSet/VSVFallergySeverity",
    "version" : "0.2.0",
    "name" : "VF_allergySeverity"
  },
  {
    "id" : "VitalsLaterality",
    "type" : "ValueSet",
    "url" : "http://va.gov/fhir/ValueSet/VitalsLaterality",
    "version" : "0.2.0",
    "name" : "VitalsLaterality"
  }
]
