{
  "codeSystems" : [
    {
      "url" : "http://snomed.info/sct",
      "version" : null,
      "status" : "active",
      "name" : "SNOMED_CT",
      "title" : "SNOMED CT (all versions)",
      "description" : "SNOMED CT is the most comprehensive and precise clinical health terminology product in the world, owned and distributed around the world by The International Health Terminology Standards Development Organisation (IHTSDO).",
      "oids" : ["2.16.840.1.113883.6.96"],
      "uses" : {
      },
      "ValueSet-SmokingStatus.html" : "SmokingStatus FHIR"
    },
    {
      "url" : "http://terminology.hl7.org/CodeSystem/VHA",
      "version" : "2.0.0",
      "status" : "retired",
      "name" : "VHA",
      "title" : "US Department of Veterans Affairs",
      "description" : "VHA Enterprise Reference Terminology is based on CHI standard terminologies (e.g., SNOMED-CT, LOINC, HL7, NDF-RT, etc.) when available and on VHA own code sets when necessary (e.g., allergens). All concepts used within the VHA clinical environment receive a VHA Unique IDentifier or VUID. VHA Enterprise Reference Terminology complies with the semantics of the HL7 message structure",
      "oids" : ["2.16.840.1.113883.6.233"],
      "uses" : {
      },
      "ValueSet-VitalsLaterality.html" : "VitalsLaterality"
    },
    {
      "url" : "http://va.gov/fhir/CodeSystem/120.85-14.5",
      "version" : "0.2.0",
      "status" : "draft",
      "name" : "CSVFallergySeverity",
      "title" : "120.85-14.5",
      "description" : "This is the code system for VistaFile-Field 120.85-14.5",
      "uses" : {
      },
      "ValueSet-VSVFallergySeverity.html" : "VF_allergySeverity"
    }
  ]
}
