{
  "resourceType" : "Bundle",
  "id" : "92faca5d-20df-4388-973a-c67f4c9a87ed",
  "meta" : {
    "lastUpdated" : "2025-03-12T08:21:22.938+00:00"
  },
  "type" : "collection",
  "entry" : [{
    "fullUrl" : "http://va.gov/fhir/ValueSet/SmokingStatus",
    "resource" : {
      "resourceType" : "ValueSet",
      "text" : {
        "status" : "generated",
        "div" : "<div xmlns=\"http://www.w3.org/1999/xhtml\"><p class=\"res-header-id\"><b>ValueSet </b></p><p style=\"border: black 1px dotted; background-color: #EEEEEE; padding: 8px; margin-bottom: 8px\">Expansion performed internally based on SNOMED CT 731000124108 edition 01-Sep 2024</p><p>This value set contains 4 concepts</p><table class=\"codes\"><tr><td style=\"white-space:nowrap\"><b>Code</b></td><td><b>System</b></td><td><b>Display (en-US)</b></td></tr><tr><td style=\"white-space:nowrap\"><a name=\"x-http://snomed.info/sct-77176002\"> </a>\u00a0\u00a0<a href=\"http://snomed.info/id/77176002\">77176002</a></td><td>http://snomed.info/sct</td><td/></tr><tr><td style=\"white-space:nowrap\"><a name=\"x-http://snomed.info/sct-110483000\"> </a>\u00a0\u00a0<a href=\"http://snomed.info/id/110483000\">110483000</a></td><td>http://snomed.info/sct</td><td/></tr><tr><td style=\"white-space:nowrap\"><a name=\"x-http://snomed.info/sct-8517006\"> </a>\u00a0\u00a0<a href=\"http://snomed.info/id/8517006\">8517006</a></td><td>http://snomed.info/sct</td><td/></tr><tr><td style=\"white-space:nowrap\"><a name=\"x-http://snomed.info/sct-266919005\"> </a>\u00a0\u00a0<a href=\"http://snomed.info/id/266919005\">266919005</a></td><td>http://snomed.info/sct</td><td/></tr></table></div>"
      },
      "url" : "http://va.gov/fhir/ValueSet/SmokingStatus",
      "version" : "0.2.0",
      "name" : "SmokingStatus",
      "title" : "SmokingStatus FHIR",
      "status" : "active",
      "experimental" : false,
      "date" : "2025-03-12T08:20:45+00:00",
      "jurisdiction" : [{
        "coding" : [{
          "system" : "http://unstats.un.org/unsd/methods/m49/m49.htm",
          "code" : "001"
        }]
      }],
      "expansion" : {
        "identifier" : "urn:uuid:1b3444ec-98be-4bd5-97c4-c1fcb87a47d0",
        "timestamp" : "2025-03-12T08:22:12+00:00",
        "total" : 4,
        "offset" : 0,
        "parameter" : [{
          "name" : "displayLanguage",
          "valueCode" : "en-US"
        },
        {
          "name" : "count",
          "valueInteger" : 1000
        },
        {
          "name" : "offset",
          "valueInteger" : 0
        },
        {
          "name" : "excludeNested",
          "valueBoolean" : false
        },
        {
          "name" : "used-valueset",
          "valueUri" : "null"
        },
        {
          "name" : "used-codesystem",
          "valueUri" : "http://snomed.info/sct|http://snomed.info/sct/731000124108/version/20240901"
        },
        {
          "name" : "version",
          "valueUri" : "http://snomed.info/sct|http://snomed.info/sct/731000124108/version/20240901"
        }],
        "contains" : [{
          "system" : "http://snomed.info/sct",
          "code" : "77176002"
        },
        {
          "system" : "http://snomed.info/sct",
          "code" : "110483000"
        },
        {
          "system" : "http://snomed.info/sct",
          "code" : "8517006"
        },
        {
          "system" : "http://snomed.info/sct",
          "code" : "266919005"
        }]
      }
    }
  },
  {
    "fullUrl" : "http://va.gov/fhir/ValueSet/VSVFallergySeverity",
    "resource" : {
      "resourceType" : "ValueSet",
      "text" : {
        "status" : "generated",
        "div" : "<div xmlns=\"http://www.w3.org/1999/xhtml\"><p class=\"res-header-id\"><b>ValueSet </b></p><p style=\"border: black 1px dotted; background-color: #EEEEEE; padding: 8px; margin-bottom: 8px\">Expansion performed internally based on <a href=\"CodeSystem-120.85-14.5.html\">codesystem 120.85-14.5 v0.2.0 (CodeSystem)</a></p><p>This value set contains 3 concepts</p><table class=\"codes\"><tr><td style=\"white-space:nowrap\"><b>Code</b></td><td><b>System</b></td><td><b>Display (en-US)</b></td></tr><tr><td style=\"white-space:nowrap\"><a name=\"x-http://va.gov/fhir/CodeSystem/120.85-14.5-1\"> </a>\u00a0\u00a0<a href=\"CodeSystem-120.85-14.5.html#120.85-14.5-1\">1</a></td><td>http://va.gov/fhir/CodeSystem/120.85-14.5</td><td/></tr><tr><td style=\"white-space:nowrap\"><a name=\"x-http://va.gov/fhir/CodeSystem/120.85-14.5-2\"> </a>\u00a0\u00a0<a href=\"CodeSystem-120.85-14.5.html#120.85-14.5-2\">2</a></td><td>http://va.gov/fhir/CodeSystem/120.85-14.5</td><td/></tr><tr><td style=\"white-space:nowrap\"><a name=\"x-http://va.gov/fhir/CodeSystem/120.85-14.5-3\"> </a>\u00a0\u00a0<a href=\"CodeSystem-120.85-14.5.html#120.85-14.5-3\">3</a></td><td>http://va.gov/fhir/CodeSystem/120.85-14.5</td><td/></tr></table></div>"
      },
      "url" : "http://va.gov/fhir/ValueSet/VSVFallergySeverity",
      "version" : "0.2.0",
      "name" : "VF_allergySeverity",
      "title" : "VF_allergySeverity",
      "status" : "draft",
      "experimental" : false,
      "date" : "2025-03-12T08:20:45+00:00",
      "jurisdiction" : [{
        "coding" : [{
          "system" : "http://unstats.un.org/unsd/methods/m49/m49.htm",
          "code" : "001"
        }]
      }],
      "expansion" : {
        "identifier" : "urn:uuid:2dabaa8f-1aff-4a52-8fb2-ac873718eca9",
        "timestamp" : "2025-03-12T08:22:12+00:00",
        "total" : 3,
        "offset" : 0,
        "parameter" : [{
          "name" : "displayLanguage",
          "valueCode" : "en-US"
        },
        {
          "name" : "count",
          "valueInteger" : 1000
        },
        {
          "name" : "offset",
          "valueInteger" : 0
        },
        {
          "name" : "excludeNested",
          "valueBoolean" : false
        },
        {
          "name" : "used-codesystem",
          "valueUri" : "http://va.gov/fhir/CodeSystem/120.85-14.5|0.2.0"
        }],
        "contains" : [{
          "system" : "http://va.gov/fhir/CodeSystem/120.85-14.5",
          "code" : "1"
        },
        {
          "system" : "http://va.gov/fhir/CodeSystem/120.85-14.5",
          "code" : "2"
        },
        {
          "system" : "http://va.gov/fhir/CodeSystem/120.85-14.5",
          "code" : "3"
        }]
      }
    }
  }]
}