{
  "resourceType" : "ValueSet",
  "id" : "VSVFallergySeverity",
  "text" : {
    "status" : "generated",
    "div" : "<div xmlns=\"http://www.w3.org/1999/xhtml\"><p class=\"res-header-id\"><b>Generated Narrative: ValueSet VSVFallergySeverity</b></p><a name=\"VSVFallergySeverity\"> </a><a name=\"hcVSVFallergySeverity\"> </a><a name=\"VSVFallergySeverity-en-US\"> </a><ul><li>Include all codes defined in <a href=\"CodeSystem-120.85-14.5.html\"><code>http://va.gov/fhir/CodeSystem/120.85-14.5</code></a></li></ul></div>"
  },
  "url" : "http://va.gov/fhir/ValueSet/VSVFallergySeverity",
  "version" : "0.2.0",
  "name" : "VF_allergySeverity",
  "title" : "VF_allergySeverity",
  "status" : "draft",
  "experimental" : false,
  "date" : "2025-03-12T08:20:45+00:00",
  "publisher" : "Michael van der Zel",
  "contact" : [{
    "telecom" : [{
      "system" : "url",
      "value" : "http://hl7.org/Special/committees/[something]"
    }]
  }],
  "description" : "Source ValueSet for Terminology Maps VF_allergySeverity",
  "jurisdiction" : [{
    "coding" : [{
      "system" : "http://unstats.un.org/unsd/methods/m49/m49.htm",
      "code" : "001"
    }]
  }],
  "compose" : {
    "include" : [{
      "system" : "http://va.gov/fhir/CodeSystem/120.85-14.5"
    }]
  }
}